section,title,clickbait
ΕΙΔΗΣΕΙΣ,Τech & Science Όσοι έχουν γάτα διατρέχουν αυξημένο κίνδυνο να εμφανίσουν σχιζοφρένεια 19.11.2025,1
ΕΙΔΗΣΕΙΣ,TV & Media Γλυκερία για την εμφάνιση στο Ισραήλ: «Δε με στηρίξανε από τον χώρο μου» 18.11.2025,1
ΕΙΔΗΣΕΙΣ,Πολιτισμός Οι Deep Purple ανακοίνωσαν συναυλία στην Ελλάδα 18.11.2025,1
ΕΙΔΗΣΕΙΣ,Ελλάδα Καιρός - Μαρουσάκης: Χιόνια και ραγδαία πτώση της θερμοκρασίας το Σαββατοκύριακο 19.11.2025,1
ΕΙΔΗΣΕΙΣ,Ελλάδα Καιρός - Τσατραφύλλιας: «Εμμονικές και επικίνδυνες καταιγίδες τις επόμενες ώρες» 19.11.2025,1
ΕΙΔΗΣΕΙΣ,Ελλάδα Μοναστηράκι: Παιδί καπνίζει ηλεκτρονικό τσιγάρο στην αγκαλιά της μητέρας του 18.11.2025,1
ΕΙΔΗΣΕΙΣ,Πολιτισμός Πέθανε ο μουσικοκριτικός Αργύρης Ζήλος 19.11.2025,1
ΕΙΔΗΣΕΙΣ,Πολιτική Πλεύση Ελευθερίας: Παραιτήθηκε από βουλευτής ο Διαμαντής Καραναστάσης 19.11.2025,1
ΕΙΔΗΣΕΙΣ,"Τech & Science «Σταματήστε να παίρνετε μελατονίνη για τον ύπνο», προτείνουν οι ειδικοί 18.11.2025",1
ΕΙΔΗΣΕΙΣ,Διεθνή Τορόντο: Ελληνοκαναδή σκότωσε τα δύο παιδιά της λίγες μέρες αφότου πέθανε ο σύζυγός της από λευχαιμία 19.11.2025,1
ΕΙΔΗΣΕΙΣ,Lifo Videos Fosbloque: «Άλλαξα το όνομά μου για να μην φαίνεται ότι είμαι Αρμένισσα» 19.11.2025,1
ΕΙΔΗΣΕΙΣ,Μουσική Πρώτα κλείνεις το πάρτι και μετά το αεροπορικό. Όλοι το ξέρουν αυτό 19.11.2025,1
ΕΙΔΗΣΕΙΣ,Γεύση Δώδεκα Πιάτα: Τρώγοντας λαχανοντολμάδες και κεμπάπ σε λευκά τραπεζομάντιλα 18.11.2025,1
ΕΙΔΗΣΕΙΣ,"Το πίσω ράφι «Πώς αλλάζει κανείς, πώς φτάνει σε σημείο να μην αναγνωρίζει τον εαυτό του» 18.11.2025",1
ΕΙΔΗΣΕΙΣ,"H κατάσταση των πραγμάτων Το κλίμα αλλάζει: Νύχτες χωρίς ανάσα, μέρες χωρίς ορίζοντα 19.11.2025",1
ΕΙΔΗΣΕΙΣ,Οι Αθηναίοι Αργύρης Ζήλος (1952-2025): O πιο αυστηρός Έλληνας μουσικοκριτικός που υπήρξε ποτέ 19.11.2025,1
ΕΙΔΗΣΕΙΣ,Μουσική Αδελφές Κέσλερ: Ένα θρυλικό ποπ χορευτικό και τραγουδιστικό ντουέτο των '60s 10.9.2023,1
ΕΙΔΗΣΕΙΣ,Φωτογραφία «The Classroom»: Ένα σχολικό πείραμα που άλλαξε τους όρους της μαροκινής φωτογραφίας 18.11.2025,1
ΕΙΔΗΣΕΙΣ,Γεύση 10 μέρη για φαγητό και ποτό που αγαπάμε στη Θεσσαλονίκη τώρα! 19.11.2025,1
ΕΙΔΗΣΕΙΣ,Αρχαιολογία & Ιστορία Όταν ένα ζέπελιν διέσχισε τον αττικό ουρανό το 1929 19.11.2025,1
ΘΕΜΑΤΑ,Good Living Τα 4 spirits που έπιναν όλοι στο φετινό Athens Bar Show 15.11.2025,1
ΘΕΜΑΤΑ,Good Living Πώς θα γίνεις ο πρωταγωνιστής των φετινών Χριστουγέννων 13.11.2025,1
ΘΕΜΑΤΑ,Good Living Bahar Boutique Hotel: Η διαχρονική φινέτσα της Θεσσαλονίκης σε έναν χώρο αληθινής φιλοξενίας 18.11.2025,1
ΘΕΜΑΤΑ,Υγεία & Ευεξία Πιστοποιητικό αναπηρίας: το 1555 γίνεται ο «πλοηγός» σου για την έκδοση 18.11.2025,1
ΘΕΜΑΤΑ,Good Living Η Black Friday που σε καλεί να αλλάξεις – για καλό 18.11.2025,1
ΘΕΜΑΤΑ,Good Living LiFO x Xiaomi 15T: Ένας διαγωνισμός που σε φέρνει πιο κοντά σε όσα αγαπάς 7.11.2025,1
ΘΕΜΑΤΑ,Στυλ & Ομορφιά Superdry&Co: Η νέα συλλογή παπουτσιών FW25 κάνει level up στο street style σου 18.11.2025,1
ΘΕΜΑΤΑ,Good Living Δημιούργησε την τουριστική επιχείρηση που ονειρεύεσαι μέσω δράσης του ΕΣΠΑ 2021-2027 19.11.2025,1
ΘΕΜΑΤΑ,Υγεία & Ευεξία Οι εποχικές ιώσεις μπορούν να δημιουργήσουν καρδιολογικά προβλήματα 7.11.2025,1
ΘΕΜΑΤΑ,Εκπαίδευση Netcompany AI Academy: Εκεί όπου ξεκινά η νέα γενιά AI experts 13.11.2025,1
GOOD LIFO,LiFO politics «Δεν είναι οι δημόσιοι υπάλληλοι το πρόβλημα αλλά οι πολιτικοί που παρεμβαίνουν» 18.11.2025,1
GOOD LIFO,Αληθινά εγκλήματα Ποιος σκότωσε την 27χρονη κομίστρια στο Θησείο; 16.11.2025,1
GOOD LIFO,Ιστορία μιας πόλης Χούντα: Η πιο φορτισμένη περίοδος της ιστορίας της Αθήνας 17.11.2025,1
GOOD LIFO,Μικροπράγματα Η σκληρή αλήθεια για το πώς δείχνει η ελληνική TV τα ΑμεΑ 15.11.2025,1
GOOD LIFO,Μικροπράγματα Η σκληρή αλήθεια για την Τζένη Καρέζη 8.11.2025,1
GOOD LIFO,Radio Lifo Πώς η τεχνητή νοημοσύνη και η ενσυναίσθηση αλλάζουν τον τρόπο που εργαζόμαστε 10.11.2025,1
GOOD LIFO,LiFO politics Πόσο αντισυστημικός είναι τελικά ο Ζοχράν Μαμντάνι; 16.11.2025,1
GOOD LIFO,Άκου την επιστήμη Συνηθίσαμε τελικά να ζούμε σαν τουρίστες στην πόλη μας; 12.11.2025,1
GOOD LIFO,"Τελικά, καλά τα κατάφερες Η Μονίκ έγινε η πρώτη τρανς πλοίαρχος στην χώρα μας σπάζοντας όλα τα στερεότυπα 25.7.2021",1
GOOD LIFO,Ιστορία μιας πόλης Χαλκίδα. Ένα μικρό κέντρο του κόσμου την Εποχή του Σιδήρου 13.11.2025,1
PODCASTS,Lifo Picks Το περιδέραιο που «κατέστρεψε» τη Μαρία Αντουανέτα 17.11.2025,1
PODCASTS,Lifo Picks Ένας σκωτσέζικος πύργος του 16ου αιώνα γίνεται εξοχική κατοικία 18.11.2025,1
PODCASTS,Lifo Videos «Δύο φορές μού γύρισαν την πλάτη όταν ζήτησα να καλύψουν το χειρουργείο μου» 22.10.2025,1
PODCASTS,Nowness Eames House: Ένα από τα διασημότερα κτίρια στον κόσμο 14.11.2025,1
PODCASTS,"Lifo Picks Η ιστορία μιας ισπανίδας κόμισσας πού έπεσε στο ντιβάνι στα 18 της χρόνια, και αρνήθηκε να ξανασηκωθεί! 25.1.2020",1
PODCASTS,Lifo Picks Γιατί πληρώνουμε χρυσό το φαγητό στο αεροδρόμιο; 3.11.2025,1
PODCASTS,Lifo Picks Γιατί δεν βρίσκει κανείς σπίτι στην Ευρώπη; 13.11.2025,1
PODCASTS,Οι Άλλοι Ανδρέας Τετέι: «Πονάει πολύ το να σε αποκαλούν “μαϊμού” στο γήπεδο» 18.6.2025,1
PODCASTS,Lifo Videos «Αυτό που δεν θυμάμαι με τίποτα είναι αν της είπα ότι την αγαπώ» 5.11.2025,1
VIDEOS,Οδηγός Γεύσης Brunch με αστέρια Michelin: Ο Λευτέρης Τσούγκας φέρνει το πιο ιδιαίτερο pop-up brunch των Κυριακών στο Brera 12.11.2025,1
VIDEOS,Οδηγός Γεύσης Πλατεία Θεάτρου: Η νέα τάση στη διασκέδαση της Θεσσαλονίκης 18.11.2025,1
VIDEOS,Οδηγός Γεύσης Sebil Coffee & Cocktails: Ένα elegant στέκι που μυρίζει παλιά Θεσσαλονίκη 18.11.2025,1
VIDEOS,Οδηγός Γεύσης Νέα Διαγώνιος: Η γεύση της Ελλάδας μέσα από το όραμα του σεφ Ιωάννη Χαντακή 18.11.2025,1
VIDEOS,Οδηγός Γεύσης Casablanca Social Club: Το bar resto που στεγάζεται σε ένα ιστορικό νεοκλασικό της Θεσσαλονίκης 18.11.2025,1
VIDEOS,Οδηγός Γεύσης Mantemi Casual Dining: Μυστικό γεύσης στη Δυτική Θεσσαλονίκη 18.11.2025,1
VIDEOS,"I Was There Η Rosalia, η ακρόαση του LUX και ένα unboxing με σούπερ cool καλούδια 19.11.2025",1
VIDEOS,Οδηγός Γεύσης Brunch(s)in: Το brunch της Θεσσαλονίκης που έγινε λατρεία 18.11.2025,1
VIDEOS,"Οδηγός Θεάτρου Θέατρο Επί Κολωνώ: Αλικάκη, Κούρκουλος, Καφετζόπουλος και Ζερόμ Καλούτα στο νέο του πρόγραμμα 6.11.2025",1
VIDEOS,Οδηγός Γεύσης Wine Hideout: Το wine bar που προσφέρει ιδιαίτερη εμπειρία οίνου και γεύσης σε λίγα μόλις τετραγωνικά 18.11.2025,1
CITY GUIDE,,1
ΕΙΔΗΣΕΙΣ,Διεθνή Κέιτ Μίντλετον-Πρίγκιπας Ουίλιαμ: Μετακόμισαν επίσημα στο παντοτινό τους σπίτι 2.11.2025,1
ΕΙΔΗΣΕΙΣ,Διεθνή Ουκρανία: Πώς ο Βέλγος πρωθυπουργός ανέτρεψε το «τρελό» σχέδιο της ΕΕ για δάνειο 140 δισ. ευρώ 24.10.2025,1
ΕΙΔΗΣΕΙΣ,Ελλάδα Καιρός - Μαρουσάκης: Εν αναμονή νέου βαρομετρικού χαμηλού και βαρυχειμωνιάς την επόμενη εβδομάδα 12.11.2025,1
ΕΙΔΗΣΕΙΣ,Πολιτισμός Βανδάλισαν το μνημείο «Ο Χορός του Ζαλόγγου» – Κάρφωσαν σημαίες και εθνόσημα στο έργο του Ζογγολόπουλου 30.10.2025,1
ΕΙΔΗΣΕΙΣ,Ελλάδα Εβελίνα Σκίτσκο: Η πρώην παίκτρια του GNTM διαγνώστηκε με καρκίνο 16.11.2025,1
ΕΙΔΗΣΕΙΣ,Διεθνή Οι πιο «επικίνδυνες» χώρες της Ευρώπης τη νύχτα: Πού οι πολίτες φοβούνται περισσότερο 23.10.2025,1
ΕΙΔΗΣΕΙΣ,Διεθνή Το ελληνικό νησί που ψήφισαν οι Βρετανοί ως τον καλύτερο προορισμό για περπάτημα 10.11.2025,1
ΕΙΔΗΣΕΙΣ,Τech & Science Πώς να μειώσουμε τις πιθανότητες εμφάνισης καρκίνου – Επιστήμονας του Harvard προτείνει να «κόψουμε» 5 συνήθειες 17.11.2025,1
ΕΙΔΗΣΕΙΣ,Ελλάδα Προσωπικός Αριθμός: Έληξε η προθεσμία - Τι ισχύει για όσους δεν έβγαλαν 6.11.2025,1
ΕΙΔΗΣΕΙΣ,Διεθνή Κίνα: «Μην παίζετε με τη φωτιά» - Ένταση μετά τη δήλωση της πρωθυπουργού της Ιαπωνίας για την Ταϊβάν 16.11.2025,1
ΕΙΔΗΣΕΙΣ,Μικροπράγματα Η σκληρή αλήθεια για τον Διονύση Σαββόπουλο (updated) 21.10.2025,1
ΕΙΔΗΣΕΙΣ,Μουσική Tάμτα - Ανίτα Ρατσβελισβίλι: «Μάθαμε να ζούμε με το τραύμα» 1.11.2025,1
ΕΙΔΗΣΕΙΣ,Απώλειες Διονύσης Σαββόπουλος (1944-2025): O μέγιστος των Ελλήνων τραγουδοποιών 21.10.2025,1
ΕΙΔΗΣΕΙΣ,Οι γαστρονομικές απογνώσεις του Κυρίου Ρεμί «Χίλιες φορές μακαρόνια παρά σπανακόρυζο» 25.10.2025,1
ΕΙΔΗΣΕΙΣ,Μουσική Διονύσης Σαββόπουλος: 25 τραγούδια που έγραψαν ιστορία 24.10.2025,1
ΕΙΔΗΣΕΙΣ,Design Ένα σπίτι με την πιο τέλεια φωλιά για διάβασμα 1.11.2025,1
ΕΙΔΗΣΕΙΣ,Μικροπράγματα Η σκληρή αλήθεια για τους ίντερσεξ ανθρώπους 1.11.2025,1
ΕΙΔΗΣΕΙΣ,Design Ένα σπίτι με εκατοντάδες φυτά που όλα έχουν τη θέση τους 25.10.2025,1
ΕΙΔΗΣΕΙΣ,Οπτική Γωνία Λίγες λέξεις για τον Διονύση Σαββόπουλο 22.10.2025,1
ΕΙΔΗΣΕΙΣ,Βιβλίο «Intermezzo»: Το βιβλίο της Σάλι Ρούνεϊ που έσπασε όλα τα αναγνωστικά ρεκόρ 3.11.2025,1
ΘΕΜΑΤΑ,Στυλ & Ομορφιά Bagblaze: Το ελληνικό brand που δίνει νέα πνοή στο vintage στυλ 4.11.2025,1
ΘΕΜΑΤΑ,Good Living Τα νέα γραφεία της P&G είναι ένα σύγχρονο hub δημιουργικότητας και ευελιξίας 23.10.2025,1
ΘΕΜΑΤΑ,"Good Living HUAWEI WATCH GT 6 Series: Η νέα σειρά smartwatch που σου δίνει ρυθμό, στιλ και ελευθερία 30.10.2025",1
ΘΕΜΑΤΑ,Good Living Οδηγός αγοράς ακινήτων στην Ελλάδα: Όσα πρέπει να ξέρεις πριν κάνεις το μεγάλο βήμα 5.11.2025,1
ΘΕΜΑΤΑ,"Στυλ & Ομορφιά Lifo Shopping: Ρούχα, αξεσουάρ και ένα φλις πουλόβερ με πολύχρωμα ψάρια 8.11.2025",1
ΘΕΜΑΤΑ,The Good LiFO Η ΔΕΗ «φωτίζει» τις σκηνές του Εθνικού Θεάτρου έως το 2027 24.10.2025,1
ΘΕΜΑΤΑ,Στυλ & Ομορφιά To Birkenstock Boston επιστρέφει πιο σύγχρονο από ποτέ για τη FW25 4.11.2025,1
ΘΕΜΑΤΑ,Good Living Φυτική πρωτεΐνη: Μήπως έχει μεγαλύτερη δύναμη απ' ότι πιστεύεις; 21.10.2025,1
GOOD LIFO,Μικροπράγματα Η σκληρή αλήθεια για την Αρλέτα: Η τελευταία ζωή 25.10.2025,1
GOOD LIFO,"LiFO politics «H κοινωνία δεν λέει ""γύρνα Τσίπρα, γύρνα Σαμαρά""». 30.10.2025",1
GOOD LIFO,LiFO politics Αλέξανδρος Μαλλιάς: «Οι ΗΠΑ είναι κομμένες στα δύο. Αλλάζουν όλα» 25.10.2025,1
GOOD LIFO,Αληθινά εγκλήματα Υπόθεση Άκη Πάνου: Από τον πατρικό έλεγχο στις φονικές σφαίρες 9.11.2025,1
PODCASTS,"Lifo Videos «Βαρέθηκα το “περίοδο έχεις, μωρή, χαπακώσου να περάσει”» 25.10.2025",1
PODCASTS,"LiFO Talks Βασίλης Μπισμπίκης: «Κανείς δεν είναι άγιος, ούτε εγώ είμαι» 29.10.2025",1
PODCASTS,Lifo Picks Μέσα στο μεγαλύτερο σπίτι του κόσμου 29.10.2025,1
PODCASTS,Lifo Videos Γκαλ Ρομπίσα: «Στη χώρα μας πρέπει να παλέψεις για να πληρώσεις το νοίκι σου» 21.10.2025,1
PODCASTS,Lifo Picks «Goodfellas»: Η ταινία που έδειξε την αληθινή φρίκη της μαφίας 7.11.2025,1
VIDEOS,Οδηγός Γεύσης Brera: Φέρνει στο κέντρο τον αέρα της πιο όμορφης γειτονιάς του Μιλάνου 24.10.2025,1
VIDEOS,"Οδηγός Βιβλίου Πες μου τι βιβλίο ψηφίζεις, να σου πω ποιος είσαι 21.10.2025",1
VIDEOS,"Οδηγός Τέχνες & Πολιτισμός ""Η κορυφή είναι πίσω από το βουνό"" στη Γκαλερί Σκουφά 7.11.2025",1
VIDEOS,Οδηγός Βιβλίου Βιβλία με ιστορία: Ξεκινά το 4ο Bazaar Βιβλίου του ΜΙΕΤ στο Παλαιό Χρηματιστήριο 6.11.2025,1
VIDEOS,Οδηγός Σινεμά Έμα Στόουν και Τζέσι Πλέμονς σε ψυχολογικό μπρα ντε φέρ υπό την επίβλεψη του Γιώργου Λάνθιμου 7.11.2025,1
VIDEOS,Οδηγός Μουσικής Μέγαρο Μουσικής Αθηνών: Καμεράτα Ορχήστρα των Φίλων της Μουσικής – Τέσσερις συναυλίες που δεν πρέπει να χάσετε 27.10.2025,1
VIDEOS,"Οδηγός Γεύσης ""Deu-N-Hi-Do"" – Natural Wine Fair Vol. 2: Φημισμένα οινοποιεία από όλη τη Μεσόγειο επιστρέφουν στην Αθήνα 22.10.2025",1
VIDEOS,I Was There Η Lady Gaga σ' ένα απ' τα πιο συγκλονιστικά σόου της καριέρας της 10.11.2025,1
